{"train_loss": [0.22649767055563313, 0.13478197451436846, 0.11335801937847387, 0.10074357833963656, 0.09272771357055136, 0.08409137215310321, 0.07652948455094691, 0.07354148566450766, 0.06349970993788559, 0.06066492491216589, 0.05608873760905566, 0.04862645612036387, 0.044582965055521624, 0.041764596355475865, 0.03641160888326406, 0.03389590323073997, 0.0296747098988039, 0.026216157963051913, 0.024060411034437252, 0.022195025591158865, 0.018881453408649107, 0.017957084568095808, 0.01717668063324106, 0.016342431588464573, 0.016672620361214835], "val_loss": [0.056818831322031714, 0.08789923121780158, 0.04551086267232895, 0.04435534573296706, 0.04611518418863416, 0.03830106247464816, 0.038248885242144266, 0.029454723650217056, 0.03802382009724776, 0.03173185790988306, 0.026400645155707995, 0.024988667003189524, 0.024005757855872313, 0.022473436844845613, 0.02915312353714059, 0.01936080607995391, 0.01836727827700476, 0.01705338674597442, 0.015582687474600971, 0.014919895699899644, 0.01394862437788397, 0.014205068377840023, 0.013194760618079454, 0.012181735349291315, 0.012658022529507677], "train_acc": [0.9276755459337349, 0.9572665662650602, 0.9631965361445783, 0.9680322853915663, 0.9704913403614458, 0.9733857304216867, 0.9754682793674698, 0.976527202560241, 0.9798686935240963, 0.980492281626506, 0.982457172439759, 0.984386765813253, 0.9856339420180723, 0.9868575865963856, 0.9885518637048193, 0.9896343185240963, 0.9905285203313253, 0.9917286332831325, 0.9921404367469879, 0.9929405120481928, 0.9940700301204819, 0.9942818147590361, 0.9946230233433735, 0.9948112763554217, 0.9949877635542169], "val_acc": [0.9838666666666667, 0.9731333333333333, 0.9864, 0.9874, 0.9854666666666667, 0.9889333333333333, 0.9902, 0.9909333333333333, 0.989, 0.9916, 0.992, 0.9922666666666666, 0.9934, 0.9937333333333334, 0.9923333333333333, 0.9944, 0.9950666666666667, 0.9948666666666667, 0.9957333333333334, 0.9953333333333333, 0.9958, 0.9960666666666667, 0.9964, 0.9962666666666666, 0.9960666666666667]}